Campaign,Ad Group,Keyword,Match Type,Status
Get Lucky - Lead Generation,Brand,get lucky golf,Phrase,Enabled
Get Lucky - Lead Generation,Brand,get lucky golf,Exact,Enabled
Get Lucky - Lead Generation,Brand,get lucky golf club,Phrase,Enabled
Get Lucky - Lead Generation,Brand,get lucky golf club,Exact,Enabled
Get Lucky - Lead Generation,Brand,get lucky hole in one,Phrase,Enabled
Get Lucky - Lead Generation,Brand,get lucky golf agency,Phrase,Enabled
Get Lucky - Lead Generation,Brand,getluckygolf,Phrase,Enabled
Get Lucky - Lead Generation,Brand,getluckygolf.co.za,Phrase,Enabled
Get Lucky - Lead Generation,Corporate Golf Days,corporate golf day,Phrase,Enabled
Get Lucky - Lead Generation,Corporate Golf Days,corporate golf day,Exact,Enabled
Get Lucky - Lead Generation,Corporate Golf Days,corporate golf days,Phrase,Enabled
Get Lucky - Lead Generation,Corporate Golf Days,corporate golf days,Exact,Enabled
Get Lucky - Lead Generation,Corporate Golf Days,company golf day,Phrase,Enabled
Get Lucky - Lead Generation,Corporate Golf Days,company golf day,Exact,Enabled
Get Lucky - Lead Generation,Corporate Golf Days,company golf event,Phrase,Enabled
Get Lucky - Lead Generation,Corporate Golf Days,corporate golf event,Phrase,Enabled
Get Lucky - Lead Generation,Corporate Golf Days,corporate golf event south africa,Phrase,Enabled
Get Lucky - Lead Generation,Corporate Golf Days,corporate golf day johannesburg,Phrase,Enabled
Get Lucky - Lead Generation,Corporate Golf Days,corporate golf day cape town,Phrase,Enabled
Get Lucky - Lead Generation,Corporate Golf Days,corporate golf day durban,Phrase,Enabled
Get Lucky - Lead Generation,Corporate Golf Days,team building golf,Phrase,Enabled
Get Lucky - Lead Generation,Corporate Golf Days,golf team building,Phrase,Enabled
Get Lucky - Lead Generation,Corporate Golf Days,golf day activation,Phrase,Enabled
Get Lucky - Lead Generation,Corporate Golf Days,golf day activation,Exact,Enabled
Get Lucky - Lead Generation,Corporate Golf Days,golf day ideas,Phrase,Enabled
Get Lucky - Lead Generation,Corporate Golf Days,golf day prizes,Phrase,Enabled
Get Lucky - Lead Generation,Corporate Golf Days,golf day sponsorship,Phrase,Enabled
Get Lucky - Lead Generation,Corporate Golf Days,golf day entertainment,Phrase,Enabled
Get Lucky - Lead Generation,Corporate Golf Days,golf day fundraiser,Phrase,Enabled
Get Lucky - Lead Generation,Corporate Golf Days,branded golf day,Phrase,Enabled
Get Lucky - Lead Generation,Corporate Golf Days,branded golf experience,Phrase,Enabled
Get Lucky - Lead Generation,Corporate Golf Days,corporate hole in one challenge,Phrase,Enabled
Get Lucky - Lead Generation,Corporate Golf Days,hole in one challenge for golf day,Phrase,Enabled
Get Lucky - Lead Generation,Course Partners,hole in one insurance,Phrase,Enabled
Get Lucky - Lead Generation,Course Partners,hole in one insurance,Exact,Enabled
Get Lucky - Lead Generation,Course Partners,hole in one insurance south africa,Phrase,Enabled
Get Lucky - Lead Generation,Course Partners,hole in one insurance for clubs,Phrase,Enabled
Get Lucky - Lead Generation,Course Partners,hole in one prize insurance,Phrase,Enabled
Get Lucky - Lead Generation,Course Partners,hole in one underwriting,Phrase,Enabled
Get Lucky - Lead Generation,Course Partners,host hole in one challenge,Phrase,Enabled
Get Lucky - Lead Generation,Course Partners,golf course activation,Phrase,Enabled
Get Lucky - Lead Generation,Course Partners,pro shop activation,Phrase,Enabled
Get Lucky - Lead Generation,Course Partners,golf club partnership,Phrase,Enabled
Get Lucky - Lead Generation,Course Partners,golf course partnership,Phrase,Enabled
Get Lucky - Lead Generation,Course Partners,golf course revenue,Phrase,Enabled
Get Lucky - Lead Generation,Brands & Sponsors,golf sponsorship,Phrase,Enabled
Get Lucky - Lead Generation,Brands & Sponsors,golf sponsorship south africa,Phrase,Enabled
Get Lucky - Lead Generation,Brands & Sponsors,golf advertising,Phrase,Enabled
Get Lucky - Lead Generation,Brands & Sponsors,golf advertising south africa,Phrase,Enabled
Get Lucky - Lead Generation,Brands & Sponsors,golf media,Phrase,Enabled
Get Lucky - Lead Generation,Brands & Sponsors,golf media south africa,Phrase,Enabled
Get Lucky - Lead Generation,Brands & Sponsors,sport sponsorship golf,Phrase,Enabled
Get Lucky - Lead Generation,Brands & Sponsors,sponsor a golf event,Phrase,Enabled
Get Lucky - Lead Generation,Brands & Sponsors,golf brand partnership,Phrase,Enabled
Get Lucky - Lead Generation,Brands & Sponsors,reach golfers advertising,Phrase,Enabled
Get Lucky - Lead Generation,Brands & Sponsors,affluent audience marketing,Phrase,Enabled
Get Lucky - Lead Generation,Brands & Sponsors,advertise to golfers,Phrase,Enabled
Get Lucky - Lead Generation,Brands & Sponsors,golf marketing platform,Phrase,Enabled
Get Lucky - Lead Generation,Brands & Sponsors,golf course advertising,Phrase,Enabled
Get Lucky - Lead Generation,Brands & Sponsors,on course advertising,Phrase,Enabled
Get Lucky - Lead Generation,Brands & Sponsors,golf branding,Phrase,Enabled
Get Lucky - Lead Generation,Brands & Sponsors,sponsor hole in one challenge,Phrase,Enabled
Get Lucky - Lead Generation,Brands & Sponsors,sponsor a hole in one,Phrase,Enabled
Get Lucky - Lead Generation,Brands & Sponsors,golf club website network,Phrase,Enabled
Get Lucky - Lead Generation,Event Activations,golf event agency,Phrase,Enabled
Get Lucky - Lead Generation,Event Activations,golf event agency south africa,Phrase,Enabled
Get Lucky - Lead Generation,Event Activations,golf activation agency,Phrase,Enabled
Get Lucky - Lead Generation,Event Activations,golf event management,Phrase,Enabled
Get Lucky - Lead Generation,Event Activations,golf event management south africa,Phrase,Enabled
Get Lucky - Lead Generation,Event Activations,corporate event activations golf,Phrase,Enabled
Get Lucky - Lead Generation,Event Activations,experiential marketing golf,Phrase,Enabled
Get Lucky - Lead Generation,Event Activations,brand activation golf,Phrase,Enabled
Get Lucky - Lead Generation,Event Activations,event activation south africa,Phrase,Enabled
Get Lucky - Lead Generation,Event Activations,white label golf activation,Phrase,Enabled
