Campaign,Negative Keyword,Match Type,Level
Get Lucky - Lead Generation,jobs,Phrase,Campaign
Get Lucky - Lead Generation,job,Phrase,Campaign
Get Lucky - Lead Generation,careers,Phrase,Campaign
Get Lucky - Lead Generation,career,Phrase,Campaign
Get Lucky - Lead Generation,hiring,Phrase,Campaign
Get Lucky - Lead Generation,salary,Phrase,Campaign
Get Lucky - Lead Generation,vacancy,Phrase,Campaign
Get Lucky - Lead Generation,recruitment,Phrase,Campaign
Get Lucky - Lead Generation,free,Phrase,Campaign
Get Lucky - Lead Generation,lessons,Phrase,Campaign
Get Lucky - Lead Generation,tips,Phrase,Campaign
Get Lucky - Lead Generation,coaching,Phrase,Campaign
Get Lucky - Lead Generation,coach,Phrase,Campaign
Get Lucky - Lead Generation,instructor,Phrase,Campaign
Get Lucky - Lead Generation,instruction,Phrase,Campaign
Get Lucky - Lead Generation,how to,Phrase,Campaign
Get Lucky - Lead Generation,what is,Phrase,Campaign
Get Lucky - Lead Generation,definition,Phrase,Campaign
Get Lucky - Lead Generation,meaning,Phrase,Campaign
Get Lucky - Lead Generation,history,Phrase,Campaign
Get Lucky - Lead Generation,wikipedia,Phrase,Campaign
Get Lucky - Lead Generation,equipment,Phrase,Campaign
Get Lucky - Lead Generation,clubs for sale,Phrase,Campaign
Get Lucky - Lead Generation,golf clubs sale,Phrase,Campaign
Get Lucky - Lead Generation,second hand,Phrase,Campaign
Get Lucky - Lead Generation,used,Phrase,Campaign
Get Lucky - Lead Generation,golf bag,Phrase,Campaign
Get Lucky - Lead Generation,golf balls,Phrase,Campaign
Get Lucky - Lead Generation,golf shoes,Phrase,Campaign
Get Lucky - Lead Generation,golf gloves,Phrase,Campaign
Get Lucky - Lead Generation,golf apparel,Phrase,Campaign
Get Lucky - Lead Generation,golf shirts,Phrase,Campaign
Get Lucky - Lead Generation,driving range,Phrase,Campaign
Get Lucky - Lead Generation,minigolf,Phrase,Campaign
Get Lucky - Lead Generation,mini golf,Phrase,Campaign
Get Lucky - Lead Generation,putt putt,Phrase,Campaign
Get Lucky - Lead Generation,disc golf,Phrase,Campaign
Get Lucky - Lead Generation,foot golf,Phrase,Campaign
Get Lucky - Lead Generation,pga,Phrase,Campaign
Get Lucky - Lead Generation,masters,Phrase,Campaign
Get Lucky - Lead Generation,tiger woods,Phrase,Campaign
Get Lucky - Lead Generation,mcilroy,Phrase,Campaign
Get Lucky - Lead Generation,scheffler,Phrase,Campaign
Get Lucky - Lead Generation,ryder cup,Phrase,Campaign
Get Lucky - Lead Generation,liv golf,Phrase,Campaign
Get Lucky - Lead Generation,dp world tour,Phrase,Campaign
Get Lucky - Lead Generation,sunshine tour,Phrase,Campaign
Get Lucky - Lead Generation,betting,Phrase,Campaign
Get Lucky - Lead Generation,gambling,Phrase,Campaign
Get Lucky - Lead Generation,casino,Phrase,Campaign
Get Lucky - Lead Generation,lottery,Phrase,Campaign
Get Lucky - Lead Generation,lotto,Phrase,Campaign
Get Lucky - Lead Generation,slots,Phrase,Campaign
Get Lucky - Lead Generation,sports betting,Phrase,Campaign
Get Lucky - Lead Generation,video,Phrase,Campaign
Get Lucky - Lead Generation,youtube,Phrase,Campaign
Get Lucky - Lead Generation,vlog,Phrase,Campaign
Get Lucky - Lead Generation,instagram,Phrase,Campaign
Get Lucky - Lead Generation,tiktok,Phrase,Campaign
Get Lucky - Lead Generation,facebook,Phrase,Campaign
Get Lucky - Lead Generation,download,Phrase,Campaign
Get Lucky - Lead Generation,pc game,Phrase,Campaign
Get Lucky - Lead Generation,playstation,Phrase,Campaign
Get Lucky - Lead Generation,xbox,Phrase,Campaign
Get Lucky - Lead Generation,coupon,Phrase,Campaign
Get Lucky - Lead Generation,voucher code,Phrase,Campaign
Get Lucky - Lead Generation,discount code,Phrase,Campaign
Get Lucky - Lead Generation,promo code,Phrase,Campaign
Get Lucky - Lead Generation,golf cart,Phrase,Campaign
Get Lucky - Lead Generation,golf cart for sale,Phrase,Campaign
Get Lucky - Lead Generation,golf simulator,Phrase,Campaign
Get Lucky - Lead Generation,topgolf,Phrase,Campaign
Get Lucky - Lead Generation,scammed,Phrase,Campaign
Get Lucky - Lead Generation,scam,Phrase,Campaign
Get Lucky - Lead Generation,fake,Phrase,Campaign
Get Lucky - Lead Generation,golf membership,Phrase,Campaign
Get Lucky - Lead Generation,join golf club,Phrase,Campaign
Get Lucky - Lead Generation,junior golf,Phrase,Campaign
Get Lucky - Lead Generation,ladies golf,Phrase,Campaign
Get Lucky - Lead Generation,golf academy,Phrase,Campaign
Get Lucky - Lead Generation,golf handicap,Phrase,Campaign
Get Lucky - Lead Generation,green fees,Phrase,Campaign
Get Lucky - Lead Generation,tee times,Phrase,Campaign
